name,url,lane,category,audience,est_audience_size,relevance,contact_method,free_promotion_angle,rules_or_gotchas,effort,priority_1to10,notes
Group Dentistry Now,https://www.groupdentistrynow.com/about-group-dentistry-now/,Newsletters & Associations,Industry newsletter,"DSO/group-practice execs, dentists, students, faculty, industry",~150000 sphere of influence (weekly DSO Weekly enewsletter),High,Contact Bill Neumann / Kim Larson via site form or LinkedIn,"Pitch a short editorial ""new tool"" story on an honest free dental-resource directory + the AI-narration flagging angle",Editorial/partnership route only (also a LinkedIn company page ~150k) — not an open group,Med,8,"Largest dedicated dental-industry newsletter; actively features tools/products; single warm contact; best reach-per-effort in this lane"
MedMark Media (Endo/Implant/Ortho/Sleep Practice US),https://medmarkmedia.com/article-submissions/,Newsletters & Associations,Specialty journals,"Endodontists, implant, orthodontic, sleep dentists (print + web)",~tens of thousands across 4 specialty journals,High,Submit via article-submissions page / editorial email,"FREE product press-release placement in all journals + websites — submit a launch blurb",Free channel confirmed; format = product/press-release,Low,8,"Explicitly free placement across specialty outlets incl. endodontics (founder's specialty). Low effort."
AGD Impact (Academy of General Dentistry),https://www.agd.org/about-agd/publications-news/agd-impact,Newsletters & Associations,Member newsmagazine,US/Canada general dentists (AGD members),~40000+ members,High,Pitch news tips to news@agd.org,"AGD Impact welcomes news tips/stories — pitch a short mention of a free GP resource directory",Editorial pitch; credible member magazine,Low,8,"Exact GP audience + an editorial email that solicits news tips. Low-effort, high-fit."
Oral Health Group (Canada),https://oralhealthgroup.com/submissions,Newsletters & Associations,Canadian journal + enewsletter,Canadian general dentists + specialists,~leading Canadian dental readership,High,Submissions portal (Word doc) then freelance agreement,"FREE contributed articles/blogs — write a piece featuring curated resources; you keep rights",Open submissions portal; core Canadian market,Med,8,"Primary Canadian-market editorial channel with a free contributed-content path."
Dentistry Today,https://www.dentistrytoday.com/submissions/,Newsletters & Associations,Trade publication + enewsletter,US general dentists,~large circulation (~150k print historically),High,Submissions page + editorial email,"Byline/trends article or product news pitch (curated-ranking + AI-voice-disclosure concept)",Submissions page returned 403 to bot — confirm contact specifics (UNVERIFIED); leans clinical,Med,7,"Real outlet + submissions page; good for a trends/opinion piece rather than a plug."
DentistryIQ (Endeavor),https://www.dentistryiq.com/submission-guidelines,Newsletters & Associations,Multiple enewsletters,"General dentists, hygienists, teams",~large; segmented enewsletters,High,Press releases + article pitches per submission guidelines,"Free press-release review + contributed byline articles",Moderate acceptance bar; skews clinical/practice,Med,7,"Established free press-release + contributed-article path."
Canadian Dental Association / JCDA,https://www.cda-adc.ca/en/about/membership/benefits/,Newsletters & Associations,National association,All Canadian dentists (JCDA journal + CDA Oasis community),~national,Med,CDA Contact Us / JCDA editorial; CDA Oasis,"Free exposure realistic via CDA Oasis community or a JCDA-adjacent note",Bureaucratic; slower,High,6,"National reach but institutional; Oasis/community is the realistic free surface."
California Dental Association (CDA),https://www.cda.org/,Newsletters & Associations,State association,California dentists,~27000+ members,Med,CDA Newsroom / component societies,"Local component-society newsletters are the easier free wins; Journal of CDA harder",Formal; statewide editorial is slow,High,6,"Largest US state assoc. Go via local component newsletters."
Texas Dental Association (TDA),https://www.tda.org/,Newsletters & Associations,State association,Texas dentists (TDA Today + Texas Dental Journal),~11000+ members,Med,TDA Member Center / publications contact,"Member-news mention via TDA Today or component society newsletters",Slower institutional path,High,5,"Best via component/local newsletters."
American Association of Endodontists (AAE),https://www.aae.org/specialty/clinical-resources/,Newsletters & Associations,Specialty association,Endodontists & residents (clinical resources hub + Endo Voices podcast),~8000+ members,Med,AAE membership/comms; member community; APICES resident event,"Inclusion in member resource links or a mention via AAE community / Endo Voices; resident onboarding",Institutional = slower; small niche,Med,7,"Strong founder-fit (endodontist). Free exposure likely via member community."
dentistrynewsletters.com,https://dentistrynewsletters.com/search/,Newsletters & Associations,Newsletter directory,Dental pros browsing curated newsletters,~directory (69+ listed),Med,"""Submit your newsletter"" form",FREE directory inclusion if TDC launches a subscribable newsletter,Requires TDC to have an email newsletter,Low,7,"Fast free listing/backlink once a newsletter exists."
The Very Dental Podcast Network,https://www.verydentalpodcast.com,Podcasts & Cross-Promo,Podcast network,GPs & clinicians (multi-show network),~50k+/mo network,High,Contact page / guest hotline (989) 859-6302,"Cross-promo, guest spot, ""we ranked your network"" feature, ad swap",Actively solicits guests,Low,9,"Multi-show reach + easy warm angle since we list them. Top pick."
Dental Digest Podcast (Dr. Melissa Seibert),https://www.theelevatedgp.com/dental-digest-podcast,Podcasts & Cross-Promo,Podcast,Clinically-minded GPs & specialists (weekly expert interviews),~40k+/mo,High,Site contact form / IG @dentaldigest,"Guest appearance, cross-promo, feature as top-ranked clinical pod",Interview format = built to take guests,Low,9,"Award-winning, ideal pro audience."
Shared Practices Podcast,https://sharedpractices.com,Podcasts & Cross-Promo,Podcast,New dentists & students on practice-ownership path,~20k+/mo,High,Website contact / IG,"Guest spot, cross-promo to student/new-grad audience",Course/community is paid (separate),Low,8,"Audience = our exact core (students/new grads)."
The Dental Student Podcast (Onni Franco),https://dentalstudentpodcast.libsyn.com,Podcasts & Cross-Promo,Podcast,"Pre-dental, dental students, residents, new grads",~5-10k/mo,High,Libsyn page / IG / FB @dentalstudentpodcast,"Guest, cross-promo, co-feature; recommended-resource mention in an episode",Small/accessible host,Low,8,"Perfect audience match; likely eager to cross-promote. Warm testimonial source."
Bulletproof Dental Practice,https://www.bulletproofdentalpractice.com,Podcasts & Cross-Promo,Podcast,Practice owners (leadership/systems/marketing),~30k/mo,High,Guest email via site; hotline 561-933-5575,"Explicit guest intake (MyStory series), cross-promo, feature",Summit/community paid (separate),Low,8,"Lowest-friction ask — a published guest hotline + email."
The Dentalpreneur Podcast (Dr. Mark Costes),https://www.truedentalsuccess.com/the-dentalpreneur-podcast,Podcasts & Cross-Promo,Podcast,Entrepreneurial dentists scaling practices,~50k+/mo,High,truedentalsuccess.com contact,"Guest, cross-promo, feature as top-ranked PM pod",Very established host; warmer via ""we ranked you""",Med,7,"Big reach; lead with the listing angle."
Dental A Team Podcast (Kiera Dent),https://www.thedentalateam.com/podcast,Podcasts & Cross-Promo,Podcast,Practice teams & owners (1100+ episodes),~25k/mo,High,Contact form,"Guest, cross-promo, feature",Consulting is paid (separate),Med,7,"High-frequency show receptive to guests."
The Dental Download (Dr. Haley Schultz),https://podcasts.apple.com/us/podcast/the-dental-download/id1505925942,Podcasts & Cross-Promo,Podcast,New grads & students (specialist career interviews),~5k/mo,High,IG @thedentaldownload / Apple listing,"Guest, cross-promo to student/new-grad niche",Accessible,Low,7,"Interviews specialists/residents; strong student fit."
The Thriving Dentist Show (Gary Takacs),https://www.thrivingdentist.com,Podcasts & Cross-Promo,Podcast,Practice owners (184 countries),~40k/mo,Med,thrivingdentist.com contact,"Guest, cross-promo, feature",Coaching-funnel focused,Med,6,"Large but coaching-oriented; partnership plausible via listing angle."
Mental Dental (YouTube),https://www.youtube.com/@mentaldental,Podcasts & Cross-Promo,YouTube (board prep),Dental students prepping INBDE/NBDE/ADAT,~100k+ subs (UNVERIFIED exact),High,YouTube About / mentaldental.com (Dr. Ryan Gross),"Reciprocal mention/collab: list them; ask for a description/community-tab link",Confirm subs/handle,Med,7,"Trusted free board-prep brand with captive student audience."
Dr. Teeth Academy (Dr. Hine Malik),https://www.youtube.com/@DrTeeth,Podcasts & Cross-Promo,YouTube (student education),Dental students (deep-dive videos + course),~100k+ subs (UNVERIFIED),Med,YouTube About / drteeth site,"Collab video, feature, cross-promo to student base",Confirm handle/subs before outreach,Med,6,"Student-education fit."
Hack Dentistry (YouTube),https://www.youtube.com/@HackDentistry,Podcasts & Cross-Promo,YouTube (exam prep),Dental students (animated concept/exam-prep),~100k+ subs (UNVERIFIED),Med,YouTube About / hackdentistry.com,"Collab, feature, cross-promo",Confirm handle/subs,Med,6,"Exam-prep audience = students."
Teeth Talk Girl (Whitney DiFoggio RDH),https://www.youtube.com/@teethtalkgirl,Podcasts & Cross-Promo,YouTube,Hygiene students + public (oral-health education),~260k-346k subs,Low,teethtalkgirl.com contact,"Reciprocal listing + description/community-tab mention",Patient/hygiene-facing more than DDS,Med,4,"Secondary fit; accessible."
Dental Digest (YouTube, Dr. Anthony Baroud),https://www.youtube.com/@DentalDigest,Podcasts & Cross-Promo,YouTube,Broad/patient + student (viral educational),~20M subs,Med,YouTube About / business email,"Shout-out/mention, collab",Consumer-skewed & gatekept,High,5,"Massive reach if landed; hard to reach. Long-shot mention."
Dental Nachos,https://www.facebook.com/groups/dentalnachos/,Communities & Forums,Facebook group,"Dentists, students, team members, sales (Dr. Paul Goodman)",~35000,High,Message admins/founder Paul Goodman via group or dentalnachos.com,"Value-first helpful answers; found­er buy-in for a ""value"" post or podcast collab",Overt promo/link-drops removed unless admin-approved; pro-vendor-friendly but curated,Med,8,"Large, engaged, resource-sharing culture; founder reachable. Value-first only."
Dentaltown Message Boards,https://www.dentaltown.com/,Communities & Forums,Forum,"Dentists, specialists, assistants, techs, front desk (largest dental forum)",~250000+ members,High,Register free; Dentaltown/Farran Media for partnerships,"Answer on-topic threads (podcasts/software/CE boards) and cite the directory as a resource; evergreen SEO",Terms bar solicitation/advertising — must be genuinely on-topic,Med,8,"Biggest dental-pro forum; category structure matches our verticals. Contribute as a peer."
Nifty Thrifty Dentists,https://www.facebook.com/groups/niftythriftydentists/,Communities & Forums,Facebook group,Dentists focused on deals/tools/resources,~40000 (some sources ~17k) UNVERIFIED,High,Ask to join; admins via niftythriftydentists.com (Dr. Vinh Nguyen),"Answer questions and cite the free directory; vendors usually need approval",Self-promo restricted to admins/approved partners,Med,7,"Deals-savvy, resource-hungry audience. Lead with value."
r/Dentistry,https://www.reddit.com/r/Dentistry/,Communities & Forums,Reddit,"General dentists, hygienists, assistants",~100-150k UNVERIFIED,High,Modmail,"Comment helpfully; share only in direct answer to ""good podcast/resource?"" threads; ask mods first",Self-promo/advertising effectively banned; low-karma link posts auto-removed; blatant promo = ban,Med,7,"Perfect audience but strict. Value-first; get mod permission."
r/DentalSchool,https://www.reddit.com/r/DentalSchool/,Communities & Forums,Reddit,Dental students,~45000 UNVERIFIED,High,Modmail,"Answer ""best study resource/podcast/book"" questions; occasional resource post if mods allow",Standard no-spam; mod discretion,Low,7,"Students actively seek curated learning resources; frame as free study aid."
Student Doctor Network (Dental/Pre-Dental),https://forums.studentdoctor.net/categories/dental-communities-dds-and-dmd.55/,Communities & Forums,Forum,"Pre-dental, dental students, residents, dentists (nonprofit)",~tens of thousands active,High,Register; SDN staff/mods for partnership,"Answer application/study/resource threads and cite the directory; evergreen indexed SEO",Nonprofit anti-commercial-spam; must be helpful/on-topic,Med,8,"High-intent — people literally ask for resources. Respect anti-spam norms."
r/DentalHygiene,https://www.reddit.com/r/DentalHygiene/,Communities & Forums,Reddit,Hygienists and hygiene students,~30000 UNVERIFIED,Med,Modmail,"Share hygiene-relevant resources when asked",No-spam/self-promo rules; mod discretion,Low,5,"Adjacent audience; relevant for hygiene CE/podcast picks."
Dental Practice Matchmaker,https://www.facebook.com/groups/thedentalpracticematchmaker/,Communities & Forums,Facebook group,Private-practice dentists & students (transitions/ownership),~18000,Med,practicematchmaker.com; admins vet applicants,"Value-first answers",Intensely moderated; unapproved promo removed; narrow topic,Med,5,"Engaged but topically narrow. Verify exact group URL."
Dental Peeps,https://www.facebook.com/groups/DentalPeeps/,Communities & Forums,Facebook group,Broad dental pros (jobs/education/networking),Large (UNVERIFIED),Med,dentalpeeps.com; admins via ask-to-join,"Share resources in context; possible listing on their network site",Self-promo typically admin-gated,Med,5,"Established brand/network; confirm size/rules."
Instagram dental community (#dentalstudent #dentistry #dentalce),https://www.instagram.com/explore/tags/dentalstudent/,Communities & Forums,Instagram (owned + hashtags),"Dentists, students, hygienists",Millions of tagged posts,Med,No central mod — DM creators/influencers for collabs,"Run own IG; post curated ""best of"" lists; collab with dental influencers",IG limits link reach; comment spam hurts reputation,High,6,"No gatekeeper but needs sustained content. Owned-channel + influencer play."
FeedSpot (dental podcast/blog/YouTube lists),https://podcast.feedspot.com/us_dental_podcasts/,SEO & Backlinks,Directory / ranked lists,Dentists + PR/marketers browsing best-of lists,~DA 75,High,"""Submit your blog/podcast"" self-serve form","Free basic inclusion across sibling lists (podcasts, blogs, dentist YouTubers) = several links from one workflow",Upsells paid ""featured"" placement; organic listing still free,Low,8,"Very high DA, self-serve, multiple lists. 403 to bot but page is real/live."
Dental-school library LibGuides (UNC/Michigan/Penn/UIC/USC/Harvard...),https://guides.lib.unc.edu/dentistry,SEO & Backlinks,.edu resource pages,Dental students & faculty per school,~DA 90 (.edu),High,Email each guide's subject/dental librarian (Ask a Librarian),"Ask the librarian to add TDC to the ""web resources/podcasts"" section — evergreen authoritative backlink",Repeatable across dozens of schools; one email each,Med,8,".edu authority; librarians routinely add legitimate free student resources. High-value + repeatable."
Today's RDH (Write for Us),https://www.todaysrdh.com/submissions/,SEO & Backlinks,Guest post,RDHs + hygiene students,~DA 55 (daily publication),High,Submission form on /submissions/,"Contribute a genuine article (e.g., ""How to vet a dental podcast for AI narration"") with author-bio link",Real editorial pipeline (not a link farm); repeatable,Med,8,"Contextual dofollow author-bio link; high relevance to student/hygienist audience."
ASDA (Write for ASDA / Mouth / Contour),https://www.asdanet.org/index/get-involved/Contribute/write-for-asda,SEO & Backlinks,Guest post (.org),Dental students nationwide,~DA 65,High,Author submission form (must be ASDA member),"Member-authored article that curates student resources; authoritative .org + bullseye audience",Gated by membership,Med,8,"Authoritative .org, exact audience, editorial not spammy."
Source of Sources / Qwoted (HARO successors),https://www.qwoted.com/,SEO & Backlinks,Earned media / PR,Journalists & bloggers seeking expert sources,~DA 60,Med,Free expert account; respond by email,"Answer dentistry / ""AI in healthcare media"" queries as a named expert → earned press links",Free tier limits pitches,Med,7,"Ongoing free source of contextual media links. Source of Sources is a free email digest."
NexHealth — 20 Best Dental Podcasts,https://www.nexhealth.com/resources/dental-podcast,SEO & Backlinks,Roundup (add-inclusion),Dentists/practice owners (dental-SaaS blog),~DA 55,High,Editorial contact / blog feedback form,"Pitch to add TDC as the curated ""ranked directory"" companion; AI-voice hook",Cold pitch, no self-serve add,Med,7,"Established brand, on-topic article."
Weave — 27 Dental Podcasts...,https://www.getweave.com/dental-podcasts/,SEO & Backlinks,Roundup (add-inclusion),Dentists/office managers,~DA 60,High,Marketing/PR contact via getweave.com,"Ask to be added as the ""where to find/rank all of these"" resource",403 to bot but live via search; strong DA,Med,7,"Content-collab angle."
Goodpods — Top Dentistry leaderboard,https://goodpods.com/leaderboard/top-100-shows-by-category/health-and-fitness/dentistry,SEO & Backlinks,Directory / curation,Podcast listeners browsing dentistry,~DA 60,Med,Free account + claim/curate,"Build a curator profile/playlist of shows we rank, linking back",Better as brand/curation presence than strong dofollow link,Low,6,"Curation presence play."
MillionPodcasts (Dental rankings),https://www.millionpodcasts.com/dental-podcasts/,SEO & Backlinks,Directory / roundup,Podcast discovery audience,~DA 50,Med,Site contact/submit form,"Request inclusion / ""ranked-by"" mention; sibling student/hygiene/school lists",Similar to FeedSpot; lower DA,Low,6,"Secondary directory play."
RDH Magazine (Submissions),https://www.rdhmag.com/submission-guidelines,SEO & Backlinks,Guest post / PR,Registered dental hygienists (Endeavor),~DA 70,Med,Guidelines page + editor email,"Contributed article with author-bio link",Higher bar (original research favored); slower; some pieces paid,High,6,"Authoritative but slower editorial cycle."
DrBicuspid,https://www.drbicuspid.com/,SEO & Backlinks,News / PR,Dentists (major US dental news site),~DA 65,Med,Editorial/news tips via site contact,"Pitch as a news story (""new site ranks dental media, flags AI-narrated shows"")",No public self-serve contributor form (UNVERIFIED); newsroom pitch only,High,6,"Best as a news pitch, ideally around the AI-voice audit."
Wikidata (WikiProject Podcasts),https://www.wikidata.org/wiki/Wikidata:WikiProject_Podcasts,SEO & Backlinks,Structured data,Knowledge-graph / AI-answer consumers,~DA 90,Low,Free editor account,"Add/curate structured items for shows we index with official-website statements",No traditional backlink juice; notability rules (our own item UNVERIFIED),Med,5,"Feeds knowledge panels/AI answers; slow payoff."
Guest-post dental blogs (Tooth Remedy / DentalsReview),https://toothremedy.com/write-for-us/,SEO & Backlinks,Guest post,General oral-health readers/patients,~DA 20-35,Med,"""Write for Us"" form on each site","Original 800-1500 word article with resource link; some accept student authors",Lower authority; some skirt link-farm territory — vet quality,Low,5,"Easy/fast but low-value. Opportunistic only. DentalsReview: dentalsreview.com/write-for-us-guest-post/"
ASDA — American Student Dental Association,https://www.asdanet.org/,Schools & Students,Student association,US dental students (~92% at 66 schools) + predental,~20000+ members,High,Chapter form; local chapter leaders; @dentalstudents,"Free listing on ""Dental Student Resources"" page; chapter newsletter/GroupMe/Slack shares; guest blog on Mouth/Contour",Editorial/chapter partnership — not a link-drop forum,Med,9,"Highest-value US student node. Multiple free surfaces map perfectly to a free directory."
ASDA National Instagram (@dentalstudents),https://www.instagram.com/dentalstudents/,Schools & Students,Social,National ASDA student audience,~33000 followers,High,IG DM / tag in a useful post,"Featured via a genuinely useful ""study resource"" reel; supply a shareable directory graphic for a repost",No submission form,Low,8,"Single account reaching 33k target students at zero cost. High virality potential."
FCDSA (Federation of Canadian Dentistry Student Assocs),https://fcdsa.ca/,Schools & Students,Student federation (Canada),All 10 Canadian DDS/DMD programs,~2000+ students,High,Contact page; @the_fcdsa IG; member-assoc leaders,"Mention in monthly webinar series/newsletter; pitch the 10 member associations; Canada-relevant resource list",Institutional pace,Med,8,"Best Canadian student play — covers the entire Canadian student market in one relationship."
Student National Dental Association (SNDA),https://www.sndaonline.org/,Schools & Students,Student association,"Dental students (minority-focused), chapters at most US schools",~high thousands,High,Contact form + chapters page; national board,"Offer directory for resource/scholarship pages + convention materials; engage local chapters",Slightly less centralized than ASDA,Med,7,"Broad engaged national org with its own convention."
ADEA GoDental,https://www.adea.org/godental,Schools & Students,Recruitment / advising,"Pre-dental applicants, advisors, 50+ US/Canada schools",~thousands (500+ per event),Med,GoDental contact page,"Pitch directory as a free ""explore dentistry"" resource on resource pages/virtual fair; reach advisors",Institutional pace; earlier-stage audience,Med,6,"Top-of-funnel (aspiring students) + advisors at scale, all free."
AGD Student Chapters,https://www.agd.org/my-agd/access/member-center/career-stages/students,Schools & Students,Student chapters,Dental students in AGD chapters + AEGD/GPR-track,~thousands,Med,AGD student-chapter contacts; chapter advisors,"Inclusion in AGD Impact student content / student-chapter resource emails",More CE/career-focused than viral,Med,6,"Solid education org with school-level chapters; requires org buy-in."
AAO — Students & Residents,https://www2.aaoinfo.org/aao-for/students-residents/,Schools & Students,Specialty resident channel,Orthodontic residents/students (free CE Passport),~1000+ residents/students,Med,AAO student/resident contacts; program directors,"Mention in resident onboarding / CE Passport resource lists",Institutional but on-brand for specialty pillar,Med,6,"Existing free-resource habit (CE Passport). Specialty-pillar fit."
ASDA District/Chapter Instagram accounts (e.g. @asdadistrict3),https://www.instagram.com/asdadistrict3/,Schools & Students,Social (scalable tactic),Regional ASDA student audiences,~3100 followers each (x11 districts + 66 chapters),Med,IG DM; district/chapter officers,"Provide a shareable resource graphic for reposts — repeat across all districts/chapters",Individually small but collectively meaningful,Low,6,"Scalable low-effort repost tactic across many accounts."
